ep,tr_loss,val_loss
00,0.11232251211111112,0.10003415819999999
01,0.09913215930000001,0.0901368008
