ep,tr_loss,val_loss
00,0.11608660180000001,0.10512001744999999
01,0.10358033853333334,0.09359822975000001
02,0.09525141108888889,0.0872035843
