ep,tr_loss,val_loss
00,3.835818635,3.00423987
01,2.710640765,2.31351765
02,2.3119134475,2.0482208199999996
