ep,tr_loss,val_loss
00,3.8035868550000003,2.8409482500000003
01,2.7018835162499997,2.350700285
02,2.31602161125,2.033447735
