ep,tr_loss,val_loss
00,0.10297054319999999,0.0892636488
01,0.08664130984,0.07794750275
